Order_ID,Customer_ID,Product_ID,Order_Date,Quantity
1001,41,104,2026-01-07,3
1002,16,108,2026-02-05,1
1003,44,118,2026-01-23,5
1004,28,102,2026-01-08,1
1005,14,108,2026-05-10,5
1006,2,118,2026-02-20,5
1007,27,108,2026-04-25,5
1008,18,101,2026-02-10,4
1009,22,109,2026-02-09,2
1010,49,111,2026-01-27,1
1011,25,104,2026-04-02,3
1012,39,109,2026-01-12,4
1013,35,104,2026-04-07,1
1014,36,110,2026-06-10,5
1015,24,119,2026-02-19,1
1016,3,108,2026-03-16,1
1017,15,104,2026-04-08,3
1018,30,112,2026-02-11,3
1019,23,107,2026-06-21,3
1020,45,103,2026-06-05,2
1021,35,108,2026-02-11,4
1022,25,109,2026-06-13,5
1023,15,111,2026-01-15,2
1024,3,111,2026-04-13,3
1025,5,107,2026-05-26,3
1026,14,116,2026-04-12,4
1027,10,109,2026-02-05,2
1028,48,118,2026-05-18,3
1029,48,119,2026-04-20,5
1030,26,112,2026-02-26,2
1031,33,116,2026-01-24,1
1032,8,105,2026-06-10,2
1033,44,114,2026-06-02,1
1034,25,113,2026-06-02,4
1035,34,109,2026-05-22,1
1036,44,104,2026-06-24,5
1037,49,109,2026-06-14,3
1038,8,110,2026-04-22,2
1039,30,101,2026-03-09,5
1040,49,106,2026-05-10,1
1041,41,110,2026-06-13,5
1042,39,107,2026-02-09,3
1043,49,106,2026-05-19,5
1044,1,120,2026-03-24,4
1045,2,104,2026-04-03,3
1046,16,102,2026-03-03,5
1047,6,103,2026-05-05,1
1048,49,118,2026-02-02,2
1049,43,116,2026-05-21,2
1050,17,117,2026-06-05,4
1051,14,118,2026-06-26,2
1052,46,110,2026-04-13,3
1053,29,117,2026-04-26,1
1054,16,108,2026-01-17,3
1055,2,119,2026-05-22,2
1056,38,108,2026-01-02,1
1057,46,102,2026-02-28,1
1058,3,111,2026-01-19,5
1059,16,109,2026-06-21,4
1060,14,118,2026-02-03,5
1061,37,116,2026-03-04,4
1062,27,107,2026-01-25,1
1063,43,114,2026-04-01,4
1064,27,115,2026-01-14,1
1065,4,113,2026-03-28,1
1066,16,107,2026-02-18,5
1067,29,105,2026-04-19,2
1068,18,115,2026-03-05,1
1069,29,118,2026-01-26,1
1070,42,118,2026-01-04,1
1071,49,108,2026-02-12,4
1072,32,116,2026-02-24,4
1073,4,106,2026-04-08,1
1074,25,109,2026-04-27,3
1075,28,118,2026-06-19,4
1076,10,107,2026-03-17,2
1077,4,119,2026-05-19,1
1078,48,111,2026-01-15,1
1079,38,116,2026-05-09,5
1080,11,102,2026-05-11,1
1081,12,103,2026-06-02,1
1082,44,108,2026-04-14,1
1083,37,108,2026-05-29,5
1084,3,120,2026-01-21,4
1085,43,119,2026-05-25,5
1086,21,109,2026-02-22,3
1087,16,109,2026-04-12,2
1088,43,110,2026-04-28,3
1089,49,103,2026-01-03,4
1090,40,119,2026-01-26,1
1091,35,107,2026-05-10,3
1092,9,112,2026-01-18,2
1093,24,110,2026-02-10,4
1094,35,110,2026-06-06,5
1095,1,118,2026-03-18,1
1096,9,109,2026-01-30,1
1097,48,118,2026-02-09,3
1098,19,120,2026-02-23,3
1099,14,109,2026-05-10,4
1100,17,102,2026-01-24,4
1101,18,102,2026-01-01,3
1102,50,105,2026-06-13,3
1103,11,115,2026-05-22,4
1104,36,101,2026-01-29,1
1105,45,105,2026-05-20,1
1106,24,119,2026-05-22,2
1107,28,105,2026-01-11,3
1108,24,102,2026-04-02,2
1109,44,108,2026-06-20,1
1110,23,118,2026-04-15,5
1111,48,105,2026-03-02,2
1112,12,114,2026-01-07,2
1113,48,111,2026-04-16,2
1114,18,106,2026-06-29,1
1115,25,102,2026-05-01,2
1116,13,115,2026-03-31,3
1117,15,108,2026-01-07,2
1118,26,111,2026-03-13,1
1119,50,109,2026-03-31,5
1120,26,118,2026-03-26,1
1121,8,109,2026-02-15,5
1122,17,102,2026-01-28,5
1123,28,112,2026-03-22,4
1124,39,117,2026-01-30,4
1125,37,107,2026-03-07,1
1126,46,114,2026-01-01,5
1127,35,107,2026-04-04,4
1128,5,111,2026-06-09,3
1129,43,104,2026-03-18,5
1130,20,114,2026-03-25,4
1131,45,110,2026-05-22,2
1132,13,114,2026-06-20,4
1133,44,106,2026-06-07,5
1134,20,113,2026-05-21,1
1135,20,110,2026-02-23,4
1136,38,120,2026-06-17,3
1137,30,115,2026-04-24,2
1138,33,116,2026-02-13,1
1139,19,117,2026-06-19,5
1140,22,103,2026-03-02,3
1141,15,107,2026-02-07,1
1142,3,108,2026-05-02,5
1143,50,103,2026-04-27,4
1144,41,119,2026-02-19,4
1145,32,113,2026-03-04,2
1146,42,101,2026-01-28,4
1147,15,106,2026-06-28,5
1148,30,102,2026-05-23,2
1149,8,115,2026-02-04,4
1150,43,117,2026-05-24,5
1151,21,115,2026-06-06,5
1152,28,118,2026-04-25,2
1153,48,116,2026-04-26,3
1154,49,108,2026-06-13,3
1155,50,117,2026-05-05,2
1156,18,115,2026-01-20,3
1157,16,109,2026-03-27,3
1158,35,103,2026-02-05,2
1159,15,113,2026-06-27,2
1160,46,107,2026-01-17,4
1161,27,111,2026-05-19,4
1162,27,102,2026-02-22,4
1163,25,119,2026-06-28,1
1164,49,119,2026-04-08,4
1165,1,112,2026-03-18,4
1166,27,118,2026-05-20,5
1167,15,116,2026-02-26,3
1168,28,116,2026-01-08,4
1169,22,113,2026-02-12,4
1170,9,120,2026-05-17,1
1171,26,119,2026-05-25,1
1172,6,114,2026-02-04,4
1173,12,102,2026-03-08,4
1174,21,107,2026-04-27,3
1175,22,113,2026-03-13,4
1176,17,103,2026-05-01,1
1177,48,118,2026-01-14,3
1178,15,103,2026-06-16,1
1179,49,101,2026-03-05,2
1180,2,120,2026-02-09,2
1181,9,116,2026-06-21,1
1182,37,107,2026-04-30,3
1183,50,112,2026-02-12,5
1184,39,104,2026-02-11,3
1185,7,119,2026-01-07,3
1186,37,113,2026-04-12,2
1187,5,119,2026-06-26,2
1188,7,110,2026-06-25,5
1189,8,119,2026-01-11,3
1190,35,114,2026-06-19,3
1191,5,117,2026-06-15,3
1192,1,114,2026-05-06,1
1193,28,112,2026-06-12,4
1194,46,105,2026-04-22,2
1195,47,117,2026-06-16,3
1196,40,118,2026-05-04,4
1197,28,119,2026-03-10,3
1198,16,103,2026-03-13,4
1199,16,115,2026-05-26,5
1200,43,113,2026-03-28,1
1201,32,111,2026-02-16,4
1202,14,112,2026-03-08,3
1203,18,120,2026-06-29,3
1204,36,101,2026-05-13,2
1205,6,108,2026-04-15,4
1206,36,108,2026-06-26,4
1207,42,116,2026-04-25,1
1208,6,110,2026-02-26,4
1209,45,108,2026-03-20,5
1210,24,116,2026-05-22,5
1211,23,114,2026-05-21,3
1212,23,115,2026-03-11,3
1213,17,108,2026-01-31,2
1214,21,104,2026-05-18,2
1215,13,107,2026-05-04,3
1216,47,119,2026-05-15,5
1217,19,104,2026-02-19,3
1218,15,112,2026-02-15,3
1219,1,118,2026-02-02,3
1220,3,102,2026-05-22,3
1221,45,105,2026-06-13,4
1222,7,101,2026-05-27,3
1223,31,116,2026-04-23,3
1224,12,102,2026-03-06,4
1225,8,103,2026-04-13,4
1226,5,119,2026-06-11,1
1227,10,105,2026-05-25,3
1228,6,108,2026-01-31,5
1229,49,114,2026-06-05,5
1230,40,108,2026-05-14,4
1231,29,115,2026-03-18,5
1232,28,110,2026-05-26,5
1233,4,120,2026-01-26,2
1234,41,107,2026-03-09,1
1235,11,108,2026-02-14,5
1236,5,106,2026-01-01,4
1237,29,120,2026-05-01,3
1238,3,108,2026-03-15,3
1239,45,115,2026-01-19,2
1240,17,119,2026-06-19,2
1241,28,104,2026-05-20,2
1242,42,105,2026-03-10,2
1243,5,102,2026-02-12,3
1244,39,119,2026-03-15,4
1245,8,115,2026-06-26,3
1246,45,113,2026-03-11,5
1247,35,116,2026-04-23,1
1248,39,102,2026-04-21,3
1249,39,109,2026-01-07,1
1250,15,119,2026-05-31,1
1251,49,109,2026-05-28,1
1252,49,106,2026-05-01,5
1253,42,115,2026-03-13,2
1254,38,114,2026-06-12,4
1255,6,116,2026-03-31,4
1256,22,111,2026-06-21,1
1257,11,111,2026-04-16,4
1258,19,113,2026-05-21,1
1259,30,103,2026-03-22,3
1260,21,104,2026-04-14,5
1261,1,118,2026-04-29,4
1262,4,107,2026-05-13,3
1263,40,116,2026-06-10,4
1264,49,102,2026-02-22,3
1265,36,105,2026-03-15,4
1266,45,116,2026-02-01,1
1267,41,120,2026-03-03,2
1268,20,118,2026-01-04,5
1269,27,103,2026-02-27,1
1270,30,104,2026-06-15,2
1271,32,110,2026-05-11,3
1272,27,116,2026-05-01,2
1273,30,118,2026-02-07,4
1274,13,120,2026-05-11,2
1275,5,109,2026-04-17,3
1276,33,109,2026-01-01,3
1277,47,110,2026-05-31,5
1278,43,116,2026-02-08,4
1279,35,116,2026-03-30,3
1280,36,118,2026-04-07,4
1281,21,107,2026-06-28,2
1282,37,113,2026-03-01,4
1283,3,111,2026-05-02,4
1284,25,105,2026-05-07,1
1285,9,117,2026-06-01,3
1286,7,115,2026-01-26,5
1287,30,101,2026-02-06,4
1288,42,105,2026-01-20,4
1289,17,111,2026-06-09,4
1290,42,103,2026-03-26,5
1291,25,111,2026-06-10,4
1292,35,102,2026-06-08,1
1293,16,110,2026-02-28,1
1294,28,104,2026-06-12,1
1295,29,106,2026-06-27,3
1296,2,102,2026-03-25,1
1297,19,112,2026-04-06,4
1298,10,108,2026-05-16,4
1299,37,106,2026-02-13,2
1300,6,120,2026-04-08,5
